{
    "database": "qdrant",
    "dataset": "mnist-784",
    "m": 16,
    "ef_search": 64,
    "ef_construction": 200,
    "build_latency": 19.05671647700001,
    "build_mem_peak_mb": 512.21484375,
    "results": {
        "vectors": 60000,
        "dim": 784,
        "queries": 10000,
        "params": {
            "M": 16,
            "ef_construction": 200,
            "ef_search": 64,
            "seed": 123
        },
        "build_latency": 19.05671647700001,
        "search_avg_latency": 0.002119860197658345,
        "search_p50_latency": 0.0013336858995899093,
        "search_p95_latency": 0.006671561089497116,
        "search_p99_latency": 0.009659005845354842,
        "qps": 581.0799060285683,
        "search_wall_time": 21.40869030290123,
        "recall@10": 0.99922,
        "build_mem_peak_mb": 512.21484375,
        "search_mem_peak_mb_avg": 277.928125
    }
}