{
    "database": "brinicle",
    "dataset": "sift-128",
    "m": 16,
    "ef_search": 64,
    "ef_construction": 200,
    "build_latency": 387.0651942029999,
    "build_mem_peak_mb": 1552.7578125,
    "results": {
        "vectors": 1000000,
        "dim": 128,
        "queries": 10000,
        "params": {
            "M": 16,
            "ef_construction": 200,
            "ef_search": 64,
            "seed": 123
        },
        "build_latency": 387.0651942029999,
        "search_avg_latency": 0.0008376107505297476,
        "search_p50_latency": 0.0007456380499206716,
        "search_p95_latency": 0.0014770867849529159,
        "search_p99_latency": 0.0020364676748904466,
        "qps": 1204.124876622661,
        "search_wall_time": 8.526193939899713,
        "recall@10": 0.96993,
        "build_mem_peak_mb": 1552.7578125,
        "search_mem_peak_mb_avg": 982.944921875
    }
}