{
    "database": "milvus",
    "dataset": "sift-128",
    "m": 16,
    "ef_search": 64,
    "ef_construction": 200,
    "build_latency": 190.86967456599996,
    "build_mem_peak_mb": 2048.0,
    "results": {
        "vectors": 1000000,
        "dim": 128,
        "queries": 10000,
        "params": {
            "M": 16,
            "ef_construction": 200,
            "ef_search": 64,
            "seed": 123
        },
        "build_latency": 190.86967456599996,
        "search_avg_latency": 0.0034262308598301027,
        "search_p50_latency": 0.0029248478997942586,
        "search_p95_latency": 0.006808793475129274,
        "search_p99_latency": 0.010460416950028972,
        "qps": 310.5545452455483,
        "search_wall_time": 34.77216218169997,
        "recall@10": 0.99372,
        "build_mem_peak_mb": 2048.0,
        "search_mem_peak_mb_avg": 1510.745703125
    }
}