{
    "database": "chroma",
    "dataset": "sift-128",
    "m": 16,
    "ef_search": 64,
    "ef_construction": 200,
    "build_latency": 232.33476062800037,
    "build_mem_peak_mb": 1709.7109375,
    "results": {
        "vectors": 1000000,
        "dim": 128,
        "queries": 10000,
        "params": {
            "M": 16,
            "ef_construction": 200,
            "ef_search": 64,
            "seed": 123
        },
        "build_latency": 232.33476062800037,
        "search_avg_latency": 0.002962833972988137,
        "search_p50_latency": 0.003018148599676351,
        "search_p95_latency": 0.004225475879475197,
        "search_p99_latency": 0.0046689197717441865,
        "qps": 337.78392429687244,
        "search_wall_time": 30.034487320099835,
        "recall@10": 0.96333,
        "build_mem_peak_mb": 1709.7109375,
        "search_mem_peak_mb_avg": 1707.4609375
    }
}