{
    "database": "brinicle",
    "dataset": "sift-128",
    "m": 16,
    "ef_search": 64,
    "ef_construction": 200,
    "build_latency": 410.4054428210002,
    "build_mem_peak_mb": 1552.43359375,
    "results": {
        "vectors": 1000000,
        "dim": 128,
        "queries": 10000,
        "params": {
            "M": 16,
            "ef_construction": 200,
            "ef_search": 64,
            "seed": 123
        },
        "build_latency": 410.4054428210002,
        "search_avg_latency": 0.0008171866840393702,
        "search_p50_latency": 0.0007100801999513351,
        "search_p95_latency": 0.001540702804913962,
        "search_p99_latency": 0.001971563913073624,
        "qps": 1224.3941277328279,
        "search_wall_time": 8.322995909699966,
        "recall@10": 0.8751599999999999,
        "build_mem_peak_mb": 1552.43359375,
        "search_mem_peak_mb_avg": 985.889453125
    }
}