{
    "database": "weaviate",
    "dataset": "sift-128",
    "m": 16,
    "ef_search": 64,
    "ef_construction": 200,
    "build_latency": 927.5372894599996,
    "build_mem_peak_mb": 4096.0,
    "results": {
        "vectors": 1000000,
        "dim": 128,
        "queries": 10000,
        "params": {
            "M": 16,
            "ef_construction": 200,
            "ef_search": 64,
            "seed": 123
        },
        "build_latency": 927.5372894599996,
        "search_avg_latency": 0.004747469276029906,
        "search_p50_latency": 0.0024464145000365535,
        "search_p95_latency": 0.01995273805490797,
        "search_p99_latency": 0.021080396680004925,
        "qps": 333.83566177893834,
        "search_wall_time": 47.99982551820003,
        "recall@10": 0.8733069999999999,
        "build_mem_peak_mb": 4096.0,
        "search_mem_peak_mb_avg": 3628.998828125
    }
}