{
    "database": "chroma",
    "dataset": "sift-128",
    "m": 16,
    "ef_search": 64,
    "ef_construction": 200,
    "build_latency": 227.42136149399994,
    "build_mem_peak_mb": 2006.52734375,
    "results": {
        "vectors": 1000000,
        "dim": 128,
        "queries": 10000,
        "params": {
            "M": 16,
            "ef_construction": 200,
            "ef_search": 64,
            "seed": 123
        },
        "build_latency": 227.42136149399994,
        "search_avg_latency": 0.002595813720589831,
        "search_p50_latency": 0.002618421799979842,
        "search_p95_latency": 0.0039615358846549495,
        "search_p99_latency": 0.004541404387258809,
        "qps": 387.0720390420867,
        "search_wall_time": 26.29786139930011,
        "recall@10": 0.8745800000000001,
        "build_mem_peak_mb": 2006.52734375,
        "search_mem_peak_mb_avg": 1995.519921875
    }
}