{
    "database": "chroma",
    "dataset": "sift-128",
    "m": 16,
    "ef_search": 256,
    "ef_construction": 200,
    "build_latency": 228.13983911200012,
    "build_mem_peak_mb": 1708.97265625,
    "results": {
        "vectors": 1000000,
        "dim": 128,
        "queries": 10000,
        "params": {
            "M": 16,
            "ef_construction": 200,
            "ef_search": 256,
            "seed": 123
        },
        "build_latency": 228.13983911200012,
        "search_avg_latency": 0.003464437344323833,
        "search_p50_latency": 0.003531871950144705,
        "search_p95_latency": 0.0051504734751142665,
        "search_p99_latency": 0.005699222624243704,
        "qps": 291.5929256195549,
        "search_wall_time": 35.05169684550019,
        "recall@10": 0.9972700000000001,
        "build_mem_peak_mb": 1708.97265625,
        "search_mem_peak_mb_avg": 1709.35703125
    }
}