{
    "database": "weaviate",
    "dataset": "sift-128",
    "m": 16,
    "ef_search": 16,
    "ef_construction": 200,
    "build_latency": 939.9516575630005,
    "build_mem_peak_mb": 4044.046875,
    "results": {
        "vectors": 1000000,
        "dim": 128,
        "queries": 10000,
        "params": {
            "M": 16,
            "ef_construction": 200,
            "ef_search": 16,
            "seed": 123
        },
        "build_latency": 939.9516575630005,
        "search_avg_latency": 0.0019230379337386693,
        "search_p50_latency": 0.0018933709998236736,
        "search_p95_latency": 0.002339253645359349,
        "search_p99_latency": 0.002544007618085743,
        "qps": 520.1354526416377,
        "search_wall_time": 19.718573568899775,
        "recall@10": 0.8005700000000002,
        "build_mem_peak_mb": 4044.046875,
        "search_mem_peak_mb_avg": 3548.2625
    }
}