{
    "database": "milvus",
    "dataset": "sift-128",
    "m": 16,
    "ef_search": 32,
    "ef_construction": 200,
    "build_latency": 201.5451212400003,
    "build_mem_peak_mb": 2815.01171875,
    "results": {
        "vectors": 1000000,
        "dim": 128,
        "queries": 10000,
        "params": {
            "M": 16,
            "ef_construction": 200,
            "ef_search": 32,
            "seed": 123
        },
        "build_latency": 201.5451212400003,
        "search_avg_latency": 0.0025262281652316683,
        "search_p50_latency": 0.0024663411498750064,
        "search_p95_latency": 0.0031986863950805855,
        "search_p99_latency": 0.005482067293820365,
        "qps": 400.1907750592796,
        "search_wall_time": 25.7072689358999,
        "recall@10": 0.9545640000000001,
        "build_mem_peak_mb": 2815.01171875,
        "search_mem_peak_mb_avg": 2483.69921875
    }
}