{
    "database": "chroma",
    "dataset": "sift-128",
    "m": 16,
    "ef_search": 64,
    "ef_construction": 200,
    "build_latency": 228.9884515949998,
    "build_mem_peak_mb": 1705.37890625,
    "results": {
        "vectors": 1000000,
        "dim": 128,
        "queries": 10000,
        "params": {
            "M": 16,
            "ef_construction": 200,
            "ef_search": 64,
            "seed": 123
        },
        "build_latency": 228.9884515949998,
        "search_avg_latency": 0.002941525275296772,
        "search_p50_latency": 0.0029985694000060903,
        "search_p95_latency": 0.0042221460155269595,
        "search_p99_latency": 0.004670118328725948,
        "qps": 341.22759552873947,
        "search_wall_time": 29.817732341100236,
        "recall@10": 0.9635200000000002,
        "build_mem_peak_mb": 1705.37890625,
        "search_mem_peak_mb_avg": 1705.6203125
    }
}