{
    "database": "brinicle",
    "dataset": "sift-128",
    "m": 16,
    "ef_search": 128,
    "ef_construction": 200,
    "build_latency": 389.2971154099996,
    "build_mem_peak_mb": 1551.9609375,
    "results": {
        "vectors": 1000000,
        "dim": 128,
        "queries": 10000,
        "params": {
            "M": 16,
            "ef_construction": 200,
            "ef_search": 128,
            "seed": 123
        },
        "build_latency": 389.2971154099996,
        "search_avg_latency": 0.00111501894953135,
        "search_p50_latency": 0.000946025500070391,
        "search_p95_latency": 0.0020822520400542994,
        "search_p99_latency": 0.002568009295468073,
        "qps": 909.1993399290435,
        "search_wall_time": 11.333396566800001,
        "recall@10": 0.99201,
        "build_mem_peak_mb": 1551.9609375,
        "search_mem_peak_mb_avg": 983.547265625
    }
}