{
    "database": "qdrant",
    "dataset": "sift-128",
    "m": 16,
    "ef_search": 64,
    "ef_construction": 200,
    "build_latency": 13.688598162000744,
    "build_mem_peak_mb": 1967.78125,
    "results": {
        "vectors": 1000000,
        "dim": 128,
        "queries": 10000,
        "params": {
            "M": 16,
            "ef_construction": 200,
            "ef_search": 64,
            "seed": 123
        },
        "build_latency": 13.688598162000744,
        "search_avg_latency": 0.004437424647361167,
        "search_p50_latency": 0.002950871449957049,
        "search_p95_latency": 0.010018276820128447,
        "search_p99_latency": 0.02616698589593125,
        "qps": 599.4863252503128,
        "search_wall_time": 44.60507921559984,
        "recall@10": 0.982807,
        "build_mem_peak_mb": 1967.78125,
        "search_mem_peak_mb_avg": 1572.112109375
    }
}