{
    "database": "qdrant",
    "dataset": "sift-128",
    "m": 16,
    "ef_search": 16,
    "ef_construction": 200,
    "build_latency": 13.672526198000014,
    "build_mem_peak_mb": 1932.9609375,
    "results": {
        "vectors": 1000000,
        "dim": 128,
        "queries": 10000,
        "params": {
            "M": 16,
            "ef_construction": 200,
            "ef_search": 16,
            "seed": 123
        },
        "build_latency": 13.672526198000014,
        "search_avg_latency": 0.004251161653359199,
        "search_p50_latency": 0.002842053349991147,
        "search_p95_latency": 0.009742698949980876,
        "search_p99_latency": 0.022814194883030277,
        "qps": 690.7499146421683,
        "search_wall_time": 42.737813272200036,
        "recall@10": 0.8714939999999999,
        "build_mem_peak_mb": 1932.9609375,
        "search_mem_peak_mb_avg": 1557.904296875
    }
}