{
    "database": "weaviate",
    "dataset": "sift-128",
    "m": 16,
    "ef_search": 64,
    "ef_construction": 200,
    "build_latency": 937.5921627079997,
    "build_mem_peak_mb": 4096.0,
    "results": {
        "vectors": 1000000,
        "dim": 128,
        "queries": 10000,
        "params": {
            "M": 16,
            "ef_construction": 200,
            "ef_search": 64,
            "seed": 123
        },
        "build_latency": 937.5921627079997,
        "search_avg_latency": 0.0024203150624491627,
        "search_p50_latency": 0.0023904911499812442,
        "search_p95_latency": 0.0029661825400080486,
        "search_p99_latency": 0.003207221681023839,
        "qps": 413.2025023702974,
        "search_wall_time": 24.70655265670007,
        "recall@10": 0.96276,
        "build_mem_peak_mb": 4096.0,
        "search_mem_peak_mb_avg": 3594.79921875
    }
}